input_power_dut,output_power_dut,gain,sg_power,dc_power,efficiency,V_carrier_CH1,V_carrier_CH2,I_carrier_CH1,I_carrier_CH2,frequency_ghz
-11.149999999999999,-16.294999999999998,-5.145,-10.0,2.04707498,0.001146479384300063,2.8172,27.9922,0.0003,0.0731,0.8
-10.149999999999999,-16.775000000000002,-6.6250000000000036,-9.0,2.0529698,0.0010235697422566793,2.8172,27.9924,0.0004,0.0733,0.8
-9.149999999999999,-16.194999999999997,-7.044999999999998,-8.0,2.0557543600000003,0.0011682311440583295,2.8172,27.9922,0.0004,0.0734,0.8
-8.149999999999999,-14.595000000000002,-6.445000000000004,-7.0,2.0585682800000003,0.0016862995474101906,2.8172,27.9924,0.0004,0.0735,0.8
-7.149999999999999,-13.694999999999997,-6.544999999999998,-6.0,2.06109316,0.002072060243219409,2.8172,27.9925,0.0003,0.0736,0.8
-6.149999999999999,-13.385000000000002,-7.235000000000003,-5.0,2.0610711100000003,0.002225394570681264,2.8173,27.9922,0.0003,0.0736,0.8
-5.149999999999999,-12.724999999999998,-7.574999999999999,-4.0,2.06137484,0.0025902580317424353,2.8171,27.9925,0.0004,0.0736,0.8
-4.149999999999999,-11.525000000000002,-7.3750000000000036,-3.0,2.06137484,0.003414625104944308,2.8171,27.9925,0.0004,0.0736,0.8
-3.1499999999999986,-10.485000000000003,-7.335000000000004,-2.0,2.0585682800000003,0.004344449201036746,2.8172,27.9924,0.0004,0.0735,0.8
-2.1499999999999986,-9.645,-7.495000000000001,-1.0,2.05577638,0.0052786653265895645,2.8172,27.9925,0.0004,0.0734,0.8
-1.1499999999999986,-8.544999999999998,-7.395,0.0,2.05017052,0.006818832393135664,2.8171,27.9924,0.0004,0.0732,0.8
-0.14999999999999858,-7.495000000000001,-7.345000000000002,1.0,2.04177284,0.00871951998760904,2.8172,27.9924,0.0004,0.0729,0.8
0.8500000000000014,-6.395,-7.245000000000001,2.0,2.0361743199999998,0.011263802946142615,2.8171,27.9924,0.0004,0.0727,0.8
1.8500000000000014,-5.514999999999997,-7.364999999999998,3.0,2.0277911200000003,0.013850861388365866,2.8172,27.9926,0.0004,0.0724,0.8
2.8500000000000014,-4.684999999999999,-7.535,4.0,2.01658684,0.016860990018365437,2.8171,27.9925,0.0004,0.072,0.8
3.8500000000000014,-2.5849999999999973,-6.434999999999999,5.0,1.98579509,0.027769340611157645,2.8171,27.9925,0.0004,0.0709,0.8
4.850000000000001,-1.5549999999999962,-6.404999999999998,6.0,1.9662003799999999,0.035552670209634374,2.8172,27.9925,0.0004,0.0702,0.8
5.850000000000001,-0.7750000000000021,-6.6250000000000036,7.0,1.94913009,0.04291994670072585,2.8171,27.9926,0.0003,0.0696,0.8
6.850000000000001,0.18499999999999872,-6.665000000000003,8.0,1.92393675,0.05423869224020091,2.8171,27.9926,0.0003,0.0687,0.8
7.850000000000001,1.3550000000000004,-6.495000000000001,9.0,1.90180405,0.07183469168079698,2.8172,27.9923,0.0004,0.0679,0.8
8.850000000000001,2.254999999999999,-6.595000000000002,10.0,1.87634266,0.08957521254186782,2.8172,27.9925,0.0003,0.067,0.8
-11.745000000000001,-17.685000000000002,-5.940000000000001,-10.0,2.09216667,0.0008145236915161907,2.8173,27.9925,0.0004,0.0747,0.9
-10.745000000000001,-15.265,-4.52,-9.0,2.0921666300000004,0.0014220135319149374,2.8172,27.9925,0.0004,0.0747,0.9
-9.745000000000001,-15.545000000000002,-5.800000000000001,-8.0,2.0921741000000003,0.0013332211006435758,2.8172,27.9926,0.0004,0.0747,0.9
-8.745000000000001,-15.155000000000001,-6.41,-7.0,2.09215916,0.0014584961256681067,2.8172,27.9924,0.0004,0.0747,0.9
-7.745000000000001,-13.735,-5.989999999999998,-6.0,2.09188491,0.0020228431673930685,2.8172,27.9925,0.0003,0.0747,0.9
-6.745000000000001,-13.815000000000005,-7.070000000000004,-5.0,2.09217414,0.0019856475773181114,2.8173,27.9926,0.0004,0.0747,0.9
-5.745000000000001,-12.285000000000004,-6.540000000000003,-4.0,2.0921741000000003,0.0028242437642965797,2.8172,27.9926,0.0004,0.0747,0.9
-4.745000000000001,-11.315000000000005,-6.570000000000004,-3.0,2.08908572,0.003536256343725499,2.8174,27.9925,0.0003,0.0746,0.9
-3.745000000000001,-10.885000000000005,-7.140000000000004,-2.0,2.08349463,0.003914782286397283,2.8173,27.9926,0.0003,0.0744,0.9
-2.745000000000001,-9.765,-7.02,-1.0,2.08096967,0.005072642424509384,2.8173,27.9925,0.0004,0.0743,0.9
-1.745000000000001,-8.275000000000006,-6.530000000000005,0.0,2.0781704199999997,0.007158447448595194,2.8173,27.9925,0.0004,0.0742,0.9
-0.745000000000001,-7.045000000000002,-6.300000000000001,1.0,2.0725793599999998,0.009527716610134197,2.8174,27.9926,0.0004,0.074,0.9
0.254999999999999,-6.475000000000001,-6.73,2.0,2.06696604,0.010893480459623893,2.8173,27.9924,0.0004,0.0738,0.9
1.254999999999999,-5.605000000000004,-6.860000000000003,3.0,2.0613896,0.013345655789620572,2.8172,27.9927,0.0004,0.0736,0.9
2.254999999999999,-4.945,-7.199999999999999,4.0,2.0526954400000004,0.015601827880657386,2.8173,27.9925,0.0003,0.0733,0.9
3.254999999999999,-3.5350000000000037,-6.790000000000003,5.0,2.0415057,0.021704480888262934,2.8172,27.9926,0.0003,0.0729,0.9
4.254999999999999,-2.815000000000005,-7.070000000000004,6.0,2.03058321,0.025756047011841258,2.8174,27.9925,0.0004,0.0725,0.9
5.254999999999999,-1.7950000000000017,-7.050000000000001,7.0,2.0165941199999997,0.032800578506301525,2.8173,27.9926,0.0004,0.072,0.9
6.254999999999999,-0.8049999999999997,-7.059999999999999,8.0,1.9970064299999999,0.04160260609185494,2.8173,27.9927,0.0004,0.0713,0.9
7.254999999999999,0.30499999999999616,-6.950000000000003,9.0,1.9774045199999997,0.05425059146903987,2.8174,27.9926,0.0004,0.0706,0.9
8.254999999999999,1.3749999999999964,-6.880000000000003,10.0,1.9521972399999998,0.0703033962391813,2.8174,27.9924,0.0004,0.0697,0.9
-11.625,-16.35,-4.725000000000001,-10.0,2.1005719199999997,0.0011032208075829558,2.8173,27.9926,0.0004,0.075,1.0
-10.625,-15.880000000000003,-5.255000000000003,-9.0,2.10055696,0.0012293216703033825,2.8174,27.9924,0.0004,0.075,1.0
-9.625,-15.43,-5.805,-8.0,2.1005719199999997,0.0013635229256547332,2.8173,27.9926,0.0004,0.075,1.0
-8.625,-13.969999999999999,-5.344999999999999,-7.0,2.1005719199999997,0.0019083694007834909,2.8173,27.9926,0.0004,0.075,1.0
-7.625,-13.93,-6.305,-6.0,2.10057942,0.0019260204486695525,2.8173,27.9927,0.0004,0.075,1.0
-6.625,-12.719999999999999,-6.094999999999999,-5.0,2.0977726999999997,0.0025482472881688824,2.8174,27.9926,0.0004,0.0749,1.0
-5.625,-11.990000000000002,-6.365000000000002,-4.0,2.09775768,0.0030147040213730483,2.8173,27.9924,0.0004,0.0749,1.0
-4.625,-10.75,-6.125,-3.0,2.0977501899999997,0.0040109406051117786,2.8173,27.9923,0.0004,0.0749,1.0
-3.625,-9.420000000000002,-5.795000000000002,-2.0,2.09495844,0.005455374736645234,2.8173,27.9924,0.0004,0.0748,1.0
-2.625,-8.910000000000004,-6.285000000000004,-1.0,2.09216667,0.006143328246136404,2.8173,27.9925,0.0004,0.0747,1.0
-1.625,-8.32,-6.695,0.0,2.09215173,0.00703731226239848,2.8173,27.9923,0.0004,0.0747,1.0
-0.625,-7.450000000000003,-6.825000000000003,1.0,2.08377636,0.00863274461530405,2.8173,27.9926,0.0004,0.0744,1.0
0.375,-5.880000000000003,-6.255000000000003,2.0,2.08096224,0.012408971873677998,2.8173,27.9924,0.0004,0.0743,1.0
1.375,-5.079999999999998,-6.454999999999998,3.0,2.0753785799999998,0.014959003711642604,2.8173,27.9926,0.0004,0.0741,1.0
2.375,-4.230000000000004,-6.605000000000004,4.0,2.06976528,0.018242270975065134,2.8173,27.9924,0.0004,0.0739,1.0
3.375,-4.210000000000001,-7.585000000000001,5.0,2.06697342,0.018351227030954355,2.8173,27.9925,0.0004,0.0738,1.0
4.375,-3.200000000000003,-7.575000000000003,6.0,2.05856836,0.02325062901105883,2.8174,27.9924,0.0004,0.0735,1.0
5.375,-2.1099999999999994,-7.484999999999999,7.0,2.05017796,0.03000602312151811,2.8174,27.9925,0.0004,0.0732,1.0
6.375,-1.0300000000000011,-7.405000000000001,8.0,2.0389736000000003,0.03868907952602005,2.8172,27.9924,0.0004,0.0728,1.0
7.375,-0.25,-7.625,9.0,2.02497744,0.046620809577311816,2.8173,27.9924,0.0004,0.0723,1.0
8.375,0.7799999999999976,-7.595000000000002,10.0,2.0081820400000003,0.05959322947172871,2.8174,27.9924,0.0004,0.0717,1.0
-11.3,-19.115,-7.814999999999998,-10.0,2.10613284,0.0005821223046300942,2.8173,27.9921,0.0004,0.0752,1.1
-10.3,-17.745,-7.445,-9.0,2.10614036,0.0007980180037520076,2.8173,27.9922,0.0004,0.0752,1.1
-9.3,-16.315,-7.015000000000001,-8.0,2.10616292,0.0011091953428839837,2.8173,27.9925,0.0004,0.0752,1.1
-8.3,-15.135000000000002,-6.835000000000001,-7.0,2.10614788,0.0014554964105491892,2.8173,27.9923,0.0004,0.0752,1.1
-7.300000000000001,-14.224999999999998,-6.924999999999997,-6.0,2.10616292,0.0017947668421672317,2.8173,27.9925,0.0004,0.0752,1.1
-6.300000000000001,-13.815000000000001,-7.515000000000001,-5.0,2.10614792,0.0019724732878299506,2.8174,27.9923,0.0004,0.0752,1.1
-5.300000000000001,-13.855,-8.555,-4.0,2.10614788,0.0019543895811473828,2.8173,27.9923,0.0004,0.0752,1.1
-4.300000000000001,-12.114999999999998,-7.814999999999998,-3.0,2.1061554,0.0029174914239745203,2.8173,27.9924,0.0004,0.0752,1.1
-3.3000000000000007,-10.855,-7.555,-2.0,2.1061554,0.0038995059568470267,2.8173,27.9924,0.0004,0.0752,1.1
-2.3000000000000007,-10.264999999999997,-7.964999999999996,-1.0,2.10614792,0.004466950403163459,2.8174,27.9923,0.0004,0.0752,1.1
-1.3000000000000007,-8.465,-7.164999999999999,0.0,2.1033561599999997,0.006769976829060859,2.8173,27.9924,0.0004,0.0751,1.1
-0.3000000000000007,-8.065000000000001,-7.765000000000001,1.0,2.1033562,0.007423131840292439,2.8174,27.9924,0.0004,0.0751,1.1
0.6999999999999993,-6.664999999999996,-7.364999999999995,2.0,2.1033561599999997,0.010246774581277578,2.8173,27.9924,0.0004,0.0751,1.1
1.6999999999999993,-6.054999999999996,-7.7549999999999955,3.0,2.1033561599999997,0.011791992173560193,2.8173,27.9924,0.0004,0.0751,1.1
2.6999999999999993,-5.3749999999999964,-8.074999999999996,4.0,2.10054192,0.0138092040490825,2.8173,27.9922,0.0004,0.075,1.1
3.6999999999999993,-3.794999999999998,-7.494999999999997,5.0,2.10055692,0.01986852127126919,2.8173,27.9924,0.0004,0.075,1.1
4.699999999999999,-2.8850000000000016,-7.585000000000001,6.0,2.09775768,0.024532662276499282,2.8173,27.9924,0.0004,0.0749,1.1
5.699999999999999,-2.035,-7.734999999999999,7.0,2.09497348,0.029875932554594496,2.8175,27.9926,0.0004,0.0748,1.1
6.699999999999999,-0.8850000000000016,-7.585000000000001,8.0,2.09496596,0.038933462533815424,2.8174,27.9925,0.0004,0.0748,1.1
7.699999999999999,-0.11499999999999844,-7.814999999999998,9.0,2.09216667,0.04654828887646096,2.8173,27.9925,0.0004,0.0747,1.1
8.7,1.0050000000000026,-7.694999999999997,10.0,2.09216667,0.060242601890528436,2.8173,27.9925,0.0004,0.0747,1.1
-10.93,-17.499999999999996,-6.569999999999997,-10.0,2.1117614199999997,0.0008420834821572425,2.8173,27.9925,0.0004,0.0754,1.2
-9.93,-17.899999999999995,-7.969999999999995,-9.0,2.10896974,0.0007690058641424287,2.8174,27.9926,0.0004,0.0753,1.2
-8.93,-16.45,-7.52,-8.0,2.11175392,0.0010723997176683624,2.8174,27.9924,0.0004,0.0754,1.2
-7.93,-15.080000000000002,-7.150000000000002,-7.0,2.11174634,0.0014701384959560795,2.8173,27.9923,0.0004,0.0754,1.2
-6.93,-14.55,-7.620000000000001,-6.0,2.11175392,0.001660950504841814,2.8174,27.9924,0.0004,0.0754,1.2
-5.93,-14.029999999999998,-8.099999999999998,-5.0,2.11176146,0.0018722124991717931,2.8174,27.9925,0.0004,0.0754,1.2
-4.93,-13.59,-8.66,-4.0,2.11176146,0.0020718348802437757,2.8174,27.9925,0.0004,0.0754,1.2
-3.9299999999999997,-12.120000000000001,-8.190000000000001,-3.0,2.111769,0.0029063879863981024,2.8174,27.9926,0.0004,0.0754,1.2
-2.9299999999999997,-10.760000000000002,-7.830000000000002,-2.0,2.1145531600000003,0.003969916682158023,2.8174,27.9924,0.0004,0.0755,1.2
-1.9299999999999997,-10.209999999999997,-8.279999999999998,-1.0,2.1145531600000003,0.004505898371567324,2.8174,27.9924,0.0004,0.0755,1.2
-0.9299999999999997,-8.819999999999997,-7.889999999999997,0.0,2.11455312,0.006205566020584081,2.8173,27.9924,0.0004,0.0755,1.2
0.07000000000000028,-8.120000000000001,-8.190000000000001,1.0,2.11735236,0.0072812654240957736,2.8173,27.9924,0.0004,0.0756,1.2
1.0700000000000003,-7.510000000000002,-8.580000000000002,2.0,2.1173524,0.008379282923759711,2.8174,27.9924,0.0004,0.0756,1.2
2.0700000000000003,-6.539999999999996,-8.609999999999996,3.0,2.1201516,0.01046244249609426,2.8173,27.9924,0.0004,0.0757,1.2
3.0700000000000003,-5.02,-8.09,4.0,2.12294334,0.014827283681067614,2.8175,27.9923,0.0004,0.0758,1.2
4.07,-3.7199999999999953,-7.789999999999996,5.0,2.12856456,0.019948634489447337,2.8174,27.9926,0.0004,0.076,1.2
5.07,-3.0399999999999956,-8.109999999999996,6.0,2.13134095,0.02329952518626064,2.8173,27.9923,0.0004,0.0761,1.2
6.07,-1.899999999999995,-7.969999999999995,7.0,2.1369394500000003,0.030213969283718178,2.8174,27.9923,0.0004,0.0763,1.2
7.07,-0.8199999999999967,-7.889999999999997,8.0,2.14533718,0.03859263576051642,2.8175,27.9923,0.0004,0.0766,1.2
8.07,0.05000000000000071,-8.02,9.0,2.15654176,0.04690748275887308,2.8174,27.9924,0.0004,0.077,1.2
9.07,0.8399999999999999,-8.23,10.0,2.17053021,0.055902877779571536,2.8174,27.9923,0.0004,0.0775,1.2
-10.945,-16.539999999999996,-5.594999999999995,-10.0,2.1145455699999998,0.0010490180260339455,2.8173,27.9923,0.0004,0.0755,1.3
-9.945,-15.969999999999995,-6.024999999999995,-9.0,2.11174638,0.0011977281080724036,2.8174,27.9923,0.0004,0.0754,1.3
-8.945,-15.010000000000002,-6.065000000000001,-8.0,2.1145455699999998,0.0014920485366388318,2.8173,27.9923,0.0004,0.0755,1.3
-7.945,-14.59,-6.645,-7.0,2.11454561,0.001643550083761047,2.8174,27.9923,0.0004,0.0755,1.3
-6.945,-13.48,-6.535,-6.0,2.1145531600000003,0.0021221759680571536,2.8174,27.9924,0.0004,0.0755,1.3
-5.945,-12.05,-6.105,-5.0,2.11453806,0.002949745134795158,2.8174,27.9922,0.0004,0.0755,1.3
-4.945,-10.649999999999995,-5.704999999999995,-4.0,2.11707063,0.004066910853062099,2.8173,27.9924,0.0003,0.0756,1.3
-3.9450000000000003,-10.529999999999998,-6.584999999999997,-3.0,2.1170631,0.004180865510484007,2.8174,27.9923,0.0003,0.0756,1.3
-2.9450000000000003,-9.999999999999996,-7.054999999999996,-2.0,2.1198699,0.004717270621182932,2.8174,27.9924,0.0003,0.0757,1.3
-1.9450000000000003,-8.219999999999995,-6.274999999999995,-1.0,2.1229433,0.00709678429087928,2.8174,27.9923,0.0004,0.0758,1.3
-0.9450000000000003,-7.139999999999997,-6.194999999999997,0.0,2.1229433,0.009100423534707327,2.8174,27.9923,0.0004,0.0758,1.3
0.054999999999999716,-6.709999999999997,-6.764999999999997,1.0,2.12853416,0.010021191828777507,2.8174,27.9922,0.0004,0.076,1.3
1.0549999999999997,-6.069999999999997,-7.1249999999999964,2.0,2.13134099,0.01159703752995495,2.8174,27.9923,0.0004,0.0761,1.3
2.0549999999999997,-5.129999999999999,-7.184999999999999,3.0,2.1369394500000003,0.01436176391610516,2.8174,27.9923,0.0004,0.0763,1.3
3.0549999999999997,-3.7600000000000016,-6.815000000000001,4.0,2.1425302999999998,0.019636904476190785,2.8175,27.9922,0.0004,0.0765,1.3
4.055,-3.7499999999999964,-7.804999999999996,5.0,2.14507072,0.019658862502611674,2.8174,27.9925,0.0003,0.0766,1.3
5.055,-2.849999999999998,-7.904999999999998,6.0,2.15374248,0.024088304137872694,2.8173,27.9924,0.0004,0.0769,1.3
6.055,-1.629999999999999,-7.684999999999999,7.0,2.16745698,0.03169928844512672,2.8174,27.9924,0.0003,0.0774,1.3
7.055,-0.49999999999999645,-7.554999999999996,8.0,2.18453412,0.040798215508474,2.8173,27.9924,0.0004,0.078,1.3
8.055,0.05000000000000071,-8.004999999999999,9.0,2.2013374199999998,0.0459529486515474,2.8173,27.9925,0.0004,0.0786,1.3
9.055,0.9400000000000013,-8.114999999999998,10.0,2.22092428,0.055907007671257114,2.8174,27.9924,0.0004,0.0793,1.3
-10.625,-16.860000000000003,-6.235000000000003,-10.0,2.11456826,0.0009744920285855424,2.8174,27.9926,0.0004,0.0755,1.4
-9.625,-16.49,-6.864999999999998,-9.0,2.11453806,0.0010611688511214456,2.8174,27.9922,0.0004,0.0755,1.4
-8.625,-15.77,-7.145,-8.0,2.11453806,0.001252519492889478,2.8174,27.9922,0.0004,0.0755,1.4
-7.625,-15.309999999999999,-7.684999999999999,-7.0,2.11735236,0.0013906148496694983,2.8173,27.9924,0.0004,0.0756,1.4
-6.625,-14.419999999999998,-7.794999999999998,-6.0,2.11732968,0.0017069135055038437,2.8173,27.9921,0.0004,0.0756,1.4
-5.625,-12.500000000000004,-6.8750000000000036,-5.0,2.1201289300000004,0.0026523921127303753,2.8174,27.9921,0.0004,0.0757,1.4
-4.625,-11.640000000000004,-7.015000000000004,-4.0,2.1229584200000002,0.003228929120772238,2.8173,27.9925,0.0004,0.0758,1.4
-3.625,-11.27,-7.645,-3.0,2.1229584600000004,0.0035160780226009074,2.8174,27.9925,0.0004,0.0758,1.4
-2.625,-10.129999999999999,-7.504999999999999,-2.0,2.12573494,0.004565526721998039,2.8174,27.9922,0.0004,0.0759,1.4
-1.625,-8.91,-7.285,-1.0,2.13134099,0.006030413087225506,2.8174,27.9923,0.0004,0.0761,1.4
-0.625,-8.400000000000002,-7.775000000000002,0.0,2.13385086,0.006773855651495368,2.8174,27.9922,0.0003,0.0762,1.4
0.375,-6.940000000000001,-7.315000000000001,1.0,2.14226382,0.00944337088546952,2.8174,27.9924,0.0003,0.0765,1.4
1.375,-6.030000000000005,-7.405000000000005,2.0,2.1481363300000003,0.011612832445056937,2.8173,27.9923,0.0004,0.0767,1.4
2.375,-5.440000000000001,-7.815000000000001,3.0,2.15626002,0.01325253224040647,2.8174,27.9924,0.0003,0.077,1.4
3.375,-4.430000000000003,-7.805000000000003,4.0,2.1733294400000003,0.016591071578252854,2.8174,27.9923,0.0004,0.0776,1.4
4.375,-3.2900000000000027,-7.665000000000003,5.0,2.18734121,0.02143302471520959,2.8174,27.9925,0.0004,0.0781,1.4
5.375,-2.150000000000002,-7.525000000000002,6.0,2.20412888,0.02765432197595307,2.8175,27.9924,0.0004,0.0787,1.4
6.375,-2.1800000000000033,-8.555000000000003,7.0,2.2097194300000003,0.027394467665694203,2.8174,27.9923,0.0004,0.0789,1.4
7.375,-2.4400000000000013,-9.815000000000001,8.0,2.2013296,0.02590090426625562,2.8174,27.9924,0.0004,0.0786,1.4
8.375,0.33999999999999986,-8.035,9.0,2.27132682,0.04761243259998742,2.8174,27.9926,0.0004,0.0811,1.4
9.375,1.6799999999999997,-7.695,10.0,2.3718015,0.062075705004517416,2.8174,27.9924,0.0003,0.0847,1.4
-11.015,-20.455,-9.439999999999998,-10.0,2.11427142,0.00042593101066969386,2.8174,27.9924,0.0003,0.0755,1.5
-10.015,-18.384999999999998,-8.369999999999997,-9.0,2.1145456499999997,0.0006859349545397596,2.8175,27.9923,0.0004,0.0755,1.5
-9.015,-18.714999999999996,-9.699999999999996,-8.0,2.1145532,0.000635742702842051,2.8175,27.9924,0.0004,0.0755,1.5
-8.015,-18.405,-10.39,-7.0,2.11456071,0.0006827785068846449,2.8174,27.9925,0.0004,0.0755,1.5
-7.015000000000001,-18.275,-11.259999999999998,-6.0,2.11735996,0.0007025954028522874,2.8174,27.9925,0.0004,0.0756,1.5
-6.015000000000001,-16.384999999999998,-10.369999999999997,-5.0,2.1173448400000003,0.001085696418380303,2.8174,27.9923,0.0004,0.0756,1.5
-5.015000000000001,-16.435000000000002,-11.420000000000002,-4.0,2.11706313,0.0010734113702461211,2.8175,27.9923,0.0003,0.0756,1.5
-4.015000000000001,-15.454999999999998,-11.439999999999998,-3.0,2.12015164,0.001343176472119583,2.8174,27.9924,0.0004,0.0757,1.5
-3.0150000000000006,-13.755000000000003,-10.740000000000002,-2.0,2.12015164,0.0019867035867022517,2.8174,27.9924,0.0004,0.0757,1.5
-2.0150000000000006,-14.134999999999998,-12.119999999999997,-1.0,2.1229357200000005,0.0018178713936507181,2.8174,27.9922,0.0004,0.0758,1.5
-1.0150000000000006,-13.825000000000003,-12.810000000000002,0.0,2.12575012,0.001949789771329938,2.8174,27.9924,0.0004,0.0759,1.5
-0.015000000000000568,-12.055,-12.04,1.0,2.12854176,0.002926966992787891,2.8174,27.9923,0.0004,0.076,1.5
0.9849999999999994,-11.524999999999999,-12.509999999999998,2.0,2.1341326,0.0032982122476197446,2.8174,27.9922,0.0004,0.0762,1.5
1.9849999999999994,-10.255000000000003,-12.240000000000002,3.0,2.13974632,0.0044069458264561915,2.8174,27.9924,0.0004,0.0764,1.5
2.9849999999999994,-9.335,-12.32,4.0,2.14815175,0.005425440967274296,2.8175,27.9925,0.0004,0.0767,1.5
3.9849999999999994,-7.954999999999998,-11.939999999999998,5.0,2.1621402400000003,0.007406553093634459,2.8174,27.9924,0.0004,0.0772,1.5
4.984999999999999,-7.015000000000001,-12.0,6.0,2.17612867,0.009137248352124091,2.8174,27.9923,0.0004,0.0777,1.5
5.984999999999999,-6.284999999999997,-12.269999999999996,7.0,2.19291622,0.010726992084489885,2.8174,27.9922,0.0004,0.0783,1.5
6.984999999999999,-5.524999999999999,-12.509999999999998,8.0,2.20971939,0.01268127362391814,2.8173,27.9923,0.0004,0.0789,1.5
7.984999999999999,-4.325000000000003,-12.310000000000002,9.0,2.2377197200000003,0.016507994323716437,2.8174,27.9924,0.0004,0.0799,1.5
8.985,-3.7149999999999963,-12.699999999999996,10.0,2.2657121200000003,0.018762697301747934,2.8174,27.9924,0.0004,0.0809,1.5
-10.7,-17.564999999999998,-6.864999999999998,-10.0,2.11456067,0.0008284758432627827,2.8173,27.9925,0.0004,0.0755,1.6
-9.7,-16.254999999999995,-6.554999999999996,-9.0,2.11175392,0.0011216482703553553,2.8174,27.9924,0.0004,0.0754,1.6
-8.7,-15.115000000000002,-6.415000000000003,-8.0,2.11173888,0.0014583433447521665,2.8175,27.9922,0.0004,0.0754,1.6
-7.699999999999999,-15.104999999999997,-7.404999999999998,-7.0,2.11176146,0.0014616895440850897,2.8174,27.9925,0.0004,0.0754,1.6
-6.699999999999999,-14.204999999999998,-7.504999999999999,-6.0,2.1114872899999995,0.001798504498558138,2.8175,27.9926,0.0003,0.0754,1.6
-5.699999999999999,-13.445,-7.745000000000001,-5.0,2.1117614999999996,0.0021421759149056353,2.8175,27.9925,0.0004,0.0754,1.6
-4.699999999999999,-11.665,-6.965,-4.0,2.10896221,0.0032317012201309395,2.8174,27.9925,0.0004,0.0753,1.6
-3.6999999999999993,-11.174999999999997,-7.474999999999998,-3.0,2.10896225,0.003617688705246069,2.8175,27.9925,0.0004,0.0753,1.6
-2.6999999999999993,-10.265,-7.565000000000001,-2.0,2.1061629600000003,0.004466918504903287,2.8174,27.9925,0.0004,0.0752,1.6
-1.6999999999999993,-9.165,-7.465,-1.0,2.10615548,0.005754526198488074,2.8175,27.9924,0.0004,0.0752,1.6
-0.6999999999999993,-7.664999999999999,-6.965,0.0,2.1033562,0.008139302209976895,2.8174,27.9924,0.0004,0.0751,1.6
0.3000000000000007,-7.604999999999997,-7.904999999999998,1.0,2.1033562,0.008252531182647295,2.8174,27.9924,0.0004,0.0751,1.6
1.3000000000000007,-6.305,-7.605,2.0,2.0977726999999997,0.011161988499370327,2.8174,27.9926,0.0004,0.0749,1.6
2.3000000000000007,-5.524999999999999,-7.824999999999999,3.0,2.0949584800000003,0.013375948251092538,2.8174,27.9924,0.0004,0.0748,1.6
3.3000000000000007,-4.555,-7.855,4.0,2.09216667,0.016745715975944268,2.8173,27.9925,0.0004,0.0747,1.6
4.300000000000001,-3.2950000000000017,-7.595000000000002,5.0,2.08096228,0.022502760183312875,2.8174,27.9924,0.0004,0.0743,1.6
5.300000000000001,-2.405000000000001,-7.705000000000002,6.0,2.0753638000000003,0.027695280164640106,2.8174,27.9924,0.0004,0.0741,1.6
6.300000000000001,-1.1649999999999991,-7.465,7.0,2.0669734600000003,0.03699687989408605,2.8174,27.9925,0.0004,0.0738,1.6
7.300000000000001,-0.42499999999999716,-7.724999999999998,8.0,2.05856101,0.044049020659528856,2.8174,27.9923,0.0004,0.0735,1.6
8.3,0.4750000000000014,-7.824999999999999,9.0,2.0473421600000004,0.0544890919137255,2.8174,27.992,0.0004,0.0731,1.6
9.3,1.4250000000000007,-7.875,10.0,2.03616713,0.06818464405370524,2.8173,27.9923,0.0004,0.0727,1.6
-10.965,-10.845000000000002,0.11999999999999744,-10.0,2.11427145,0.0038934917128138676,2.8175,27.9924,0.0003,0.0755,1.7
-9.965,-9.835000000000004,0.12999999999999545,-9.0,2.11454561,0.00491227806820691,2.8174,27.9923,0.0004,0.0755,1.7
-8.965,-8.794999999999998,0.1700000000000017,-8.0,2.11456075,0.0062413686232808165,2.8175,27.9925,0.0004,0.0755,1.7
-7.965,-8.015000000000004,-0.05000000000000426,-7.0,2.11426387,0.007470347623821226,2.8174,27.9923,0.0003,0.0755,1.7
-6.965,-7.275000000000002,-0.3100000000000023,-6.0,2.11453806,0.0088569561288367,2.8174,27.9922,0.0004,0.0755,1.7
-5.965,-5.735000000000003,0.22999999999999687,-5.0,2.1145531600000003,0.012626453747464962,2.8174,27.9924,0.0004,0.0755,1.7
-4.965,-4.945000000000004,0.01999999999999602,-4.0,2.1142638999999996,0.01514749457070625,2.8175,27.9923,0.0003,0.0755,1.7
-3.965,-3.9250000000000007,0.03999999999999915,-3.0,2.11454561,0.019155034690242198,2.8174,27.9923,0.0004,0.0755,1.7
-2.965,-3.1250000000000036,-0.1600000000000037,-2.0,2.1145682199999998,0.02302917071012555,2.8173,27.9926,0.0004,0.0755,1.7
-1.9649999999999999,-2.0650000000000013,-0.10000000000000142,-1.0,2.11454561,0.02939564154175529,2.8174,27.9923,0.0004,0.0755,1.7
-0.9649999999999999,-1.235000000000003,-0.2700000000000031,0.0,2.1145455699999998,0.03558630945813968,2.8173,27.9923,0.0004,0.0755,1.7
0.03500000000000014,-0.09500000000000242,-0.13000000000000256,1.0,2.11735236,0.04620690317149647,2.8173,27.9924,0.0004,0.0756,1.7
1.0350000000000001,0.764999999999997,-0.2700000000000031,2.0,2.11734488,0.05632593334798726,2.8175,27.9923,0.0004,0.0756,1.7
2.035,1.6049999999999969,-0.43000000000000327,3.0,2.1173524,0.06834501678109545,2.8174,27.9924,0.0004,0.0756,1.7
3.035,2.6849999999999987,-0.3500000000000014,4.0,2.1173448400000003,0.08764121811322782,2.8174,27.9923,0.0004,0.0756,1.7
4.035,3.3349999999999973,-0.7000000000000028,5.0,2.12015925,0.10165564891251244,2.8175,27.9925,0.0004,0.0757,1.7
5.035,4.514999999999997,-0.5200000000000031,6.0,2.1229356800000003,0.13321807804593833,2.8173,27.9922,0.0004,0.0758,1.7
6.035,5.274999999999999,-0.7600000000000016,7.0,2.1229433,0.1586944011841911,2.8174,27.9923,0.0004,0.0758,1.7
7.035,6.334999999999997,-0.7000000000000028,8.0,2.12575012,0.20229622926261157,2.8174,27.9924,0.0004,0.0759,1.7
8.035,7.444999999999997,-0.5900000000000034,9.0,2.13133338,0.260524525318307,2.8174,27.9922,0.0004,0.0761,1.7
9.035,8.264999999999997,-0.7700000000000031,10.0,2.13694712,0.3138385037353089,2.8175,27.9924,0.0004,0.0763,1.7
-10.72,-9.04,1.6800000000000015,-10.0,2.1173599999999997,0.0058912207382917576,2.8175,27.9925,0.0004,0.0756,1.8
-9.72,-7.600000000000001,2.119999999999999,-9.0,2.1173448400000003,0.008207453013413602,2.8174,27.9923,0.0004,0.0756,1.8
-8.72,-7.969999999999999,0.7500000000000018,-8.0,2.1173448400000003,0.007537171636325113,2.8174,27.9923,0.0004,0.0756,1.8
-7.720000000000001,-5.740000000000002,1.9799999999999986,-7.0,2.11735996,0.012595206837298832,2.8174,27.9925,0.0004,0.0756,1.8
-6.720000000000001,-4.990000000000002,1.7299999999999986,-6.0,2.11706313,0.01497153022094098,2.8175,27.9923,0.0003,0.0756,1.8
-5.720000000000001,-3.759999999999998,1.9600000000000026,-5.0,2.12013654,0.01984431759213226,2.8175,27.9922,0.0004,0.0757,1.8
-4.720000000000001,-2.6000000000000014,2.119999999999999,-4.0,2.1201440700000003,0.025919977874787732,2.8174,27.9923,0.0004,0.0757,1.8
-3.7200000000000006,-1.7199999999999989,2.0000000000000018,-3.0,2.12266156,0.03170437854842569,2.8174,27.9923,0.0003,0.0758,1.8
-2.7200000000000006,-0.9699999999999989,1.7500000000000018,-2.0,2.12574249,0.03762611222994505,2.8173,27.9923,0.0004,0.0759,1.8
-1.7200000000000006,0.09999999999999787,1.8199999999999985,-1.0,2.12854936,0.04807466585039651,2.8174,27.9924,0.0004,0.076,1.8
-0.7200000000000006,1.120000000000001,1.8400000000000016,0.0,2.13134099,0.060722139137857345,2.8174,27.9923,0.0004,0.0761,1.8
0.27999999999999936,2.16,1.8800000000000008,1.0,2.13691652,0.07695067672624535,2.8173,27.992,0.0004,0.0763,1.8
1.2799999999999994,3.25,1.9700000000000006,2.0,2.14253026,0.09864453628938,2.8174,27.9922,0.0004,0.0765,1.8
2.2799999999999994,4.149999999999999,1.8699999999999992,3.0,2.1481363700000005,0.12104257436716048,2.8174,27.9923,0.0004,0.0767,1.8
3.2799999999999994,5.16,1.8800000000000008,4.0,2.1621402400000003,0.1517456116135737,2.8174,27.9924,0.0004,0.0772,1.8
4.279999999999999,6.84,2.5600000000000005,5.0,2.18172713,0.2214111908851648,2.8174,27.9923,0.0004,0.0779,1.8
5.279999999999999,7.84,2.5600000000000005,6.0,2.19852255,0.27661076356879655,2.8175,27.9923,0.0004,0.0785,1.8
6.279999999999999,8.8,2.5200000000000014,7.0,2.2181171600000003,0.3419916624373365,2.8175,27.9923,0.0004,0.0792,1.8
7.279999999999999,9.73,2.450000000000001,8.0,2.24889263,0.41786046075691824,2.8175,27.9921,0.0004,0.0803,1.8
8.28,10.68,2.4000000000000004,9.0,2.28249937,0.5123766544653509,2.8173,27.9923,0.0004,0.0815,1.8
9.28,11.579999999999998,2.299999999999999,10.0,2.3300780399999996,0.6174894375022072,2.8175,27.9922,0.0004,0.0832,1.8
-10.41,-8.955000000000002,1.4549999999999983,-10.0,2.1201440700000003,0.005999770336766271,2.8174,27.9923,0.0004,0.0757,1.9
-9.41,-7.754999999999999,1.6550000000000011,-9.0,2.1201440700000003,0.007909237676232982,2.8174,27.9923,0.0004,0.0757,1.9
-8.41,-6.515000000000004,1.894999999999996,-8.0,2.12015921,0.010522805065577862,2.8174,27.9925,0.0004,0.0757,1.9
-7.41,-5.225000000000005,2.184999999999995,-7.0,2.12013654,0.01416237758376289,2.8175,27.9922,0.0004,0.0757,1.9
-6.41,-4.864999999999998,1.5450000000000017,-6.0,2.12295092,0.015365972303978985,2.8175,27.9924,0.0004,0.0758,1.9
-5.41,-4.004999999999999,1.4050000000000011,-5.0,2.1257576699999996,0.018706228940694167,2.8173,27.9925,0.0004,0.0759,1.9
-4.41,-2.705000000000002,1.7049999999999983,-4.0,2.12575012,0.025234098137569282,2.8174,27.9924,0.0004,0.0759,1.9
-3.41,-1.754999999999999,1.6550000000000011,-3.0,2.12854936,0.03136290440379105,2.8174,27.9924,0.0004,0.076,1.9
-2.41,-0.8450000000000024,1.5649999999999977,-2.0,2.13132577,0.03862336994693194,2.8174,27.9921,0.0004,0.0761,1.9
-1.4100000000000001,-0.11500000000000199,1.2949999999999982,-1.0,2.1369318600000002,0.04557317917140478,2.8175,27.9922,0.0004,0.0763,1.9
-0.41000000000000014,0.9249999999999972,1.3349999999999973,0.0,2.14253791,0.05775259257537953,2.8174,27.9923,0.0004,0.0765,1.9
0.5899999999999999,2.0249999999999986,1.4349999999999987,1.0,2.1509279599999998,0.07410954296731614,2.8175,27.9922,0.0004,0.0768,1.9
1.5899999999999999,3.104999999999997,1.514999999999997,2.0,2.16212484,0.09454079145598178,2.8175,27.9922,0.0004,0.0772,1.9
2.59,3.8649999999999984,1.2749999999999986,3.0,2.17333716,0.1120399468967817,2.8173,27.9924,0.0004,0.0776,1.9
3.59,5.024999999999999,1.4349999999999987,4.0,2.1870438500000002,0.14542615084418722,2.8174,27.9923,0.0003,0.0781,1.9
4.59,5.774999999999999,1.1849999999999987,5.0,2.19853036,0.17193628260917482,2.8174,27.9924,0.0004,0.0785,1.9
5.59,6.614999999999998,1.0249999999999986,6.0,2.22092424,0.20652196843877987,2.8173,27.9924,0.0004,0.0793,1.9
6.59,7.524999999999999,0.9349999999999987,7.0,2.24892471,0.2514925264390705,2.8174,27.9925,0.0004,0.0803,1.9
7.59,8.535,0.9450000000000003,8.0,2.28530676,0.3122881433748851,2.8173,27.9924,0.0004,0.0816,1.9
8.59,9.444999999999997,0.8549999999999969,9.0,2.330078,0.3776848293007024,2.8174,27.9922,0.0004,0.0832,1.9
9.59,10.504999999999999,0.9149999999999991,10.0,2.38607948,0.47077684506734213,2.8175,27.9924,0.0004,0.0852,1.9
-10.765,-6.559999999999999,4.205000000000002,-10.0,2.12015925,0.010414334362000871,2.8175,27.9925,0.0004,0.0757,2.0
-9.765,-6.150000000000002,3.6149999999999984,-9.0,2.1201516799999998,0.011445455143484884,2.8175,27.9924,0.0004,0.0757,2.0
-8.765,-4.960000000000004,3.804999999999996,-8.0,2.1229584600000004,0.015033444672774024,2.8174,27.9925,0.0004,0.0758,2.0
-7.765000000000001,-4.129999999999999,3.6350000000000016,-7.0,2.12295092,0.018199524699990227,2.8175,27.9924,0.0004,0.0758,2.0
-6.765000000000001,-2.9700000000000024,3.794999999999998,-6.0,2.12575771,0.023740301878690057,2.8174,27.9925,0.0004,0.0759,2.0
-5.765000000000001,-2.140000000000004,3.6249999999999964,-5.0,2.1285418,0.028702373846056117,2.8175,27.9923,0.0004,0.076,2.0
-4.765000000000001,-1.370000000000001,3.3949999999999996,-4.0,2.1313486399999997,0.034225161316384575,2.8175,27.9924,0.0004,0.0761,2.0
-3.7650000000000006,0.14999999999999858,3.914999999999999,-3.0,2.13385851,0.04851034695263572,2.8175,27.9923,0.0003,0.0762,2.0
-2.7650000000000006,0.879999999999999,3.6449999999999996,-2.0,2.1397463599999997,0.0572318393505784,2.8175,27.9924,0.0004,0.0764,2.0
-1.7650000000000006,1.7199999999999989,3.4849999999999994,-1.0,2.14815175,0.06917275012284425,2.8175,27.9925,0.0004,0.0767,2.0
-0.7650000000000006,2.8599999999999994,3.625,0.0,2.15374252,0.08970284512082363,2.8174,27.9924,0.0004,0.0769,2.0
0.23499999999999943,3.729999999999997,3.4949999999999974,1.0,2.1677387599999998,0.10889126848387283,2.8175,27.9924,0.0004,0.0774,2.0
1.2349999999999994,4.649999999999999,3.414999999999999,2.0,2.18172713,0.13372098526368723,2.8174,27.9923,0.0004,0.0779,2.0
2.2349999999999994,5.719999999999999,3.4849999999999994,3.0,2.19853036,0.16977257380049127,2.8174,27.9924,0.0004,0.0785,2.0
3.2349999999999994,6.639999999999997,3.4049999999999976,4.0,2.2181171200000005,0.20797710382415652,2.8174,27.9923,0.0004,0.0792,2.0
4.234999999999999,7.369999999999997,3.134999999999998,5.0,2.240503,0.24358720389629943,2.8175,27.9922,0.0004,0.08,2.0
5.234999999999999,8.34,3.1050000000000004,6.0,2.27131871,0.3004152130379226,2.8174,27.9925,0.0004,0.0811,2.0
6.234999999999999,9.259999999999998,3.0249999999999986,7.0,2.3132910200000003,0.36456059807134633,2.8176,27.9923,0.0004,0.0826,2.0
7.234999999999999,10.18,2.9450000000000003,8.0,2.3665017,0.44044651621982955,2.8175,27.9926,0.0004,0.0845,2.0
8.235,11.099999999999998,2.8649999999999984,9.0,2.43364918,0.5293489144943782,2.8175,27.9922,0.0004,0.0869,2.0
9.235,12.059999999999999,2.8249999999999993,10.0,2.5232332299999998,0.6368579939052552,2.8175,27.9923,0.0004,0.0901,2.0
-10.49,-5.734999999999992,4.755000000000008,-10.0,2.11985476,0.012594875920318209,2.8174,27.9922,0.0003,0.0757,2.1
-9.49,-4.604999999999997,4.885000000000003,-9.0,2.12015921,0.016335465892124187,2.8174,27.9925,0.0004,0.0757,2.1
-8.49,-3.374999999999993,5.115000000000007,-8.0,2.12015164,0.021683684310942624,2.8174,27.9924,0.0004,0.0757,2.1
-7.49,-2.5749999999999957,4.9150000000000045,-7.0,2.12266917,0.02603860346002178,2.8175,27.9924,0.0003,0.0758,2.1
-6.49,-1.5549999999999926,4.935000000000008,-6.0,2.1229357200000005,0.032927833385458245,2.8174,27.9922,0.0004,0.0758,2.1
-5.49,-0.524999999999995,4.965000000000005,-5.0,2.1254759699999997,0.041691142885962686,2.8174,27.9925,0.0003,0.0759,2.1
-4.49,0.3350000000000044,4.825000000000005,-4.0,2.12574253,0.0508146967771253,2.8174,27.9923,0.0004,0.0759,2.1
-3.49,1.4950000000000045,4.985000000000005,-3.0,2.1313486,0.06619809807077538,2.8174,27.9924,0.0004,0.0761,2.1
-2.49,2.325000000000003,4.815000000000003,-2.0,2.1341478400000002,0.08003417982794056,2.8174,27.9924,0.0004,0.0762,2.1
-1.4900000000000002,3.3650000000000055,4.855000000000006,-1.0,2.1397234,0.10142438053293971,2.8174,27.9921,0.0004,0.0764,2.1
-0.4900000000000002,4.735000000000003,5.225000000000003,0.0,2.1453525,0.13867601053350806,2.8175,27.9925,0.0004,0.0766,2.1
0.5099999999999998,5.6250000000000036,5.115000000000004,1.0,2.1534530899999997,0.1695760771156794,2.8174,27.9923,0.0003,0.0769,2.1
1.5099999999999998,6.595000000000006,5.085000000000006,2.0,2.1677155,0.2106190827173751,2.8174,27.9921,0.0004,0.0774,2.1
2.51,7.605000000000004,5.095000000000004,3.0,2.1817193799999997,0.26405908286878615,2.8175,27.9922,0.0004,0.0779,2.1
3.51,8.625000000000004,5.115000000000004,4.0,2.20132964,0.33099003496506235,2.8175,27.9924,0.0004,0.0786,2.1
4.51,9.995000000000005,5.485000000000005,5.0,2.240503,0.4458147879902441,2.8175,27.9922,0.0004,0.08,2.1
5.51,10.965000000000003,5.455000000000004,6.0,2.27690095,0.5484737685187387,2.8174,27.9923,0.0004,0.0813,2.1
6.51,11.825000000000003,5.315000000000003,7.0,2.32448786,0.6548965727359922,2.8174,27.9923,0.0004,0.083,2.1
7.51,12.805000000000003,5.2950000000000035,8.0,2.38886162,0.798562674379636,2.8174,27.9922,0.0004,0.0853,2.1
8.51,13.755000000000003,5.245000000000003,9.0,2.4725829999999998,0.9601721854170159,2.8175,27.9925,0.0003,0.0883,2.1
9.51,14.595000000000006,5.085000000000006,10.0,2.5764186,1.1181075349227207,2.8175,27.9923,0.0004,0.092,2.1
-10.99,-2.029999999999994,8.960000000000006,-10.0,2.12015164,0.029555143738319408,2.8174,27.9924,0.0004,0.0757,2.2
-9.99,-1.1099999999999923,8.880000000000008,-9.0,2.1173448400000003,0.03657702718856697,2.8174,27.9923,0.0004,0.0756,2.2
-8.99,-0.11999999999999744,8.870000000000003,-8.0,2.1173524,0.0459416780965212,2.8174,27.9924,0.0004,0.0756,2.2
-7.99,0.8300000000000054,8.820000000000006,-7.0,2.11734488,0.05717529274449064,2.8175,27.9923,0.0004,0.0756,2.2
-6.99,1.9500000000000064,8.940000000000007,-6.0,2.11734488,0.07399602610360537,2.8175,27.9923,0.0004,0.0756,2.2
-5.99,2.880000000000006,8.870000000000006,-5.0,2.11733736,0.09166635011780934,2.8176,27.9922,0.0004,0.0756,2.2
-4.99,3.770000000000003,8.760000000000003,-4.0,2.12014411,0.11236592164287794,2.8175,27.9923,0.0004,0.0757,2.2
-3.99,4.910000000000004,8.900000000000004,-3.0,2.12014411,0.14609475292774246,2.8175,27.9923,0.0004,0.0757,2.2
-2.99,5.790000000000006,8.780000000000006,-2.0,2.1229508800000003,0.1786734627480794,2.8174,27.9924,0.0004,0.0758,2.2
-1.9900000000000002,6.770000000000003,8.760000000000003,-1.0,2.12546082,0.22363866765740045,2.8175,27.9923,0.0003,0.0759,2.2
-0.9900000000000002,7.820000000000004,8.810000000000004,0.0,2.12854936,0.28439127892900457,2.8174,27.9924,0.0004,0.076,2.2
0.009999999999999787,8.800000000000004,8.790000000000004,1.0,2.1341478400000002,0.35544752842857613,2.8174,27.9924,0.0004,0.0762,2.2
1.0099999999999998,9.760000000000005,8.750000000000005,2.0,2.14253795,0.4416431276588561,2.8175,27.9923,0.0004,0.0765,2.2
2.01,10.630000000000006,8.620000000000006,3.0,2.1509509999999996,0.5374888791944125,2.8175,27.9925,0.0004,0.0768,2.2
3.01,11.630000000000006,8.620000000000006,4.0,2.1677310199999997,0.6714205162695732,2.8175,27.9923,0.0004,0.0774,2.2
4.01,12.910000000000004,8.900000000000004,5.0,2.19293192,0.8911993290586953,2.8175,27.9924,0.0004,0.0783,2.2
5.01,13.840000000000003,8.830000000000004,6.0,2.2209322499999997,1.0900958580506814,2.8175,27.9925,0.0004,0.0793,2.2
6.01,14.730000000000004,8.720000000000004,7.0,2.2629048399999996,1.3132085712177048,2.8175,27.9923,0.0004,0.0808,2.2
7.01,15.710000000000004,8.700000000000005,8.0,2.32140692,1.6041638501472582,2.8175,27.9923,0.0003,0.0829,2.2
8.01,16.590000000000003,8.580000000000004,9.0,2.40007568,1.9000939001694164,2.8175,27.9924,0.0004,0.0857,2.2
9.01,17.450000000000003,8.440000000000003,10.0,2.50363858,2.2203854091048716,2.8174,27.9923,0.0004,0.0894,2.2
-11.29,-0.629999999999999,10.66,-10.0,2.1145456499999997,0.040905615765528355,2.8175,27.9923,0.0004,0.0755,2.3
-10.29,0.46000000000000085,10.75,-9.0,2.11173884,0.052645322718106166,2.8174,27.9922,0.0004,0.0754,2.3
-9.29,1.5300000000000011,10.82,-8.0,2.11173888,0.06735344036109331,2.8175,27.9922,0.0004,0.0754,2.3
-8.29,2.3500000000000014,10.64,-7.0,2.11173888,0.08135041711016798,2.8175,27.9922,0.0004,0.0754,2.3
-7.289999999999999,3.400000000000002,10.690000000000001,-6.0,2.10895468,0.10373677749915206,2.8174,27.9924,0.0004,0.0753,2.3
-6.289999999999999,4.360000000000003,10.650000000000002,-5.0,2.10895472,0.12939954361884276,2.8175,27.9924,0.0004,0.0753,2.3
-5.289999999999999,5.440000000000001,10.73,-4.0,2.10894715,0.16593358777547237,2.8174,27.9923,0.0004,0.0753,2.3
-4.289999999999999,6.460000000000001,10.75,-3.0,2.10894715,0.20986223972593454,2.8174,27.9923,0.0004,0.0753,2.3
-3.289999999999999,7.380000000000003,10.670000000000002,-2.0,2.10896225,0.25937683943559076,2.8175,27.9925,0.0004,0.0753,2.3
-2.289999999999999,8.350000000000001,10.64,-1.0,2.10893962,0.3242917155121915,2.8174,27.9922,0.0004,0.0753,2.3
-1.2899999999999991,9.34,10.629999999999999,0.0,2.11176146,0.4067758304033999,2.8174,27.9925,0.0004,0.0754,2.3
-0.28999999999999915,10.330000000000002,10.620000000000001,1.0,2.11454561,0.5102499171109528,2.8174,27.9923,0.0004,0.0755,2.3
0.7100000000000009,11.3,10.59,2.0,2.12014403,0.6362600198400926,2.8173,27.9923,0.0004,0.0757,2.3
1.7100000000000009,12.290000000000003,10.580000000000002,3.0,2.13132581,0.7949689308399683,2.8175,27.9921,0.0004,0.0761,2.3
2.710000000000001,13.220000000000002,10.510000000000002,4.0,2.1481287000000004,0.9771015505837826,2.8174,27.9922,0.0004,0.0767,2.3
3.710000000000001,14.18,10.469999999999999,5.0,2.1789279,1.2015923097863792,2.8174,27.9923,0.0004,0.0778,2.3
4.710000000000001,15.14,10.43,6.0,2.2181250400000003,1.4723598818051111,2.8174,27.9924,0.0004,0.0792,2.3
5.710000000000001,16.060000000000002,10.350000000000001,7.0,2.27969208,1.770613656593505,2.8175,27.9922,0.0004,0.0814,2.3
6.710000000000001,16.94,10.23,8.0,2.36366864,2.091285887631168,2.8174,27.9922,0.0004,0.0844,2.3
7.710000000000001,17.85,10.14,9.0,2.4812270599999997,2.456594590098374,2.8175,27.9921,0.0004,0.0886,2.3
8.71,18.75,10.04,10.0,2.63798282,2.842680413409424,2.8175,27.9921,0.0004,0.0942,2.3
-10.69,-2.305000000000007,8.384999999999993,-10.0,2.11174638,0.027852118971930608,2.8174,27.9923,0.0004,0.0754,2.4
-9.69,-1.5150000000000077,8.174999999999992,-9.0,2.10894715,0.033452940916544605,2.8174,27.9923,0.0004,0.0753,2.4
-8.69,-0.40500000000000824,8.284999999999991,-8.0,2.10613292,0.043252799650741525,2.8175,27.9921,0.0004,0.0752,2.4
-7.6899999999999995,0.394999999999996,8.084999999999996,-7.0,2.10333367,0.05207050935321806,2.8174,27.9921,0.0004,0.0751,2.4
-6.6899999999999995,1.5349999999999966,8.224999999999996,-6.0,2.100542,0.06779046772910241,2.8175,27.9922,0.0004,0.075,2.4
-5.6899999999999995,2.4149999999999956,8.104999999999995,-5.0,2.09772776,0.08312867812102728,2.8174,27.992,0.0004,0.0749,2.4
-4.6899999999999995,3.3449999999999953,8.034999999999995,-4.0,2.0949286000000003,0.10311711982808097,2.8175,27.992,0.0004,0.0748,2.4
-3.6899999999999995,4.324999999999996,8.014999999999995,-3.0,2.08935258,0.1295651691262829,2.8175,27.9923,0.0004,0.0746,2.4
-2.6899999999999995,5.3849999999999945,8.074999999999994,-2.0,2.0837392,0.16582753234082656,2.8174,27.9921,0.0004,0.0744,2.4
-1.6899999999999995,6.244999999999994,7.934999999999993,-1.0,2.07535643,0.2029585283112386,2.8175,27.9923,0.0004,0.0741,2.4
-0.6899999999999995,7.214999999999996,7.904999999999996,0.0,2.0725497600000002,0.25409436485322173,2.8174,27.9922,0.0004,0.074,2.4
0.3100000000000005,8.214999999999996,7.904999999999996,1.0,2.0641594700000003,0.3211861085862068,2.8174,27.9923,0.0004,0.0737,2.4
1.3100000000000005,9.204999999999995,7.894999999999994,2.0,2.05857571,0.4045136265526228,2.8174,27.9925,0.0004,0.0735,2.4
2.3100000000000005,10.134999999999994,7.824999999999994,3.0,2.05267348,0.5025509850887291,2.8174,27.9922,0.0003,0.0733,2.4
3.3100000000000005,11.084999999999994,7.774999999999993,4.0,2.04736413,0.6270539527682717,2.8175,27.9923,0.0004,0.0731,2.4
4.3100000000000005,11.794999999999995,7.484999999999994,5.0,2.0445575999999996,0.7394361006805655,2.8175,27.9922,0.0004,0.073,2.4
5.3100000000000005,12.724999999999994,7.414999999999994,6.0,2.04457216,0.9160043942971161,2.8174,27.9924,0.0004,0.073,2.4
6.3100000000000005,13.654999999999994,7.3449999999999935,7.0,2.047097,1.1333435521470794,2.8175,27.9925,0.0003,0.0731,2.4
7.3100000000000005,14.574999999999996,7.264999999999995,8.0,2.0585831,1.3929373925110498,2.8175,27.9926,0.0004,0.0735,2.4
8.31,15.494999999999994,7.184999999999993,9.0,2.08096228,1.7030829135499386,2.8174,27.9924,0.0004,0.0743,2.4
9.31,16.394999999999996,7.0849999999999955,10.0,2.1201516799999998,2.0565206164890926,2.8175,27.9924,0.0004,0.0757,2.4
-10.57,1.5199999999999996,12.09,-10.0,2.08935254,0.06791852952154702,2.8174,27.9923,0.0004,0.0746,2.5
-9.57,2.41,11.98,-9.0,2.08096232,0.08370199001929139,2.8175,27.9924,0.0004,0.0743,2.5
-8.57,3.3200000000000003,11.89,-8.0,2.07537121,0.1034913881324649,2.8174,27.9925,0.0004,0.0741,2.5
-7.57,4.370000000000001,11.940000000000001,-7.0,2.0669587000000003,0.1323330130547221,2.8174,27.9923,0.0004,0.0738,2.5
-6.57,5.399999999999999,11.969999999999999,-6.0,2.05856101,0.16843651889264707,2.8174,27.9923,0.0004,0.0735,2.5
-5.57,6.469999999999999,12.04,-5.0,2.04734951,0.21667460380588965,2.8175,27.9921,0.0004,0.0731,2.5
-4.57,7.370000000000001,11.940000000000001,-4.0,2.0333752,0.2683999790551547,2.8174,27.9924,0.0004,0.0726,2.5
-3.5700000000000003,8.309999999999999,11.879999999999999,-3.0,2.01936458,0.3355716517572449,2.8174,27.9922,0.0004,0.0721,2.5
-2.5700000000000003,9.309999999999999,11.879999999999999,-2.0,2.00257641,0.4260012800298539,2.8174,27.9923,0.0004,0.0715,2.5
-1.5700000000000003,10.190000000000001,11.760000000000002,-1.0,1.9857739800000003,0.5261022803918501,2.8175,27.9922,0.0004,0.0709,2.5
-0.5700000000000003,11.309999999999999,11.879999999999999,0.0,1.96618646,0.6876624321755712,2.8175,27.9923,0.0004,0.0702,2.5
0.4299999999999997,12.32,11.89,1.0,1.9465848600000002,0.8764490180012616,2.8174,27.9922,0.0004,0.0695,2.5
1.4299999999999997,13.25,11.82,2.0,1.9241979699999998,1.0983740097369745,2.8174,27.9923,0.0004,0.0687,2.5
2.4299999999999997,14.120000000000001,11.690000000000001,3.0,1.9045966000000003,1.355804263556176,2.8175,27.9922,0.0004,0.068,2.5
3.4299999999999997,15.05,11.620000000000001,4.0,1.89060721,1.6919934996394086,2.8174,27.9923,0.0004,0.0675,2.5
4.43,16.3,11.870000000000001,5.0,1.88221628,2.2663682348002685,2.8175,27.9924,0.0004,0.0672,2.5
5.43,17.189999999999998,11.759999999999998,6.0,1.8849953300000002,2.777728030688278,2.8175,27.9921,0.0004,0.0673,2.5
6.43,18.08,11.649999999999999,7.0,1.90460336,3.37439138675582,2.8174,27.9923,0.0004,0.068,2.5
7.43,18.95,11.52,8.0,1.9463169900000001,4.0344694037227296,2.8173,27.9924,0.0003,0.0695,2.5
8.43,19.8,11.370000000000001,9.0,2.0165437600000002,4.735789051368941,2.8174,27.9919,0.0004,0.072,2.5
9.43,20.68,11.25,10.0,2.11733728,5.523444007087386,2.8174,27.9922,0.0004,0.0756,2.5
-10.55,5.785,16.335,-10.0,2.04149115,0.1855891139907401,2.8173,27.9924,0.0003,0.0729,2.6
-9.55,6.735000000000003,16.285000000000004,-9.0,2.0305614199999997,0.232211577887877,2.8173,27.9922,0.0004,0.0725,2.6
-8.55,7.715,16.265,-8.0,2.01098128,0.2938271835005752,2.8174,27.9924,0.0004,0.0718,2.6
-7.550000000000001,8.705000000000002,16.255000000000003,-7.0,1.99389698,0.37221792559156486,2.8174,27.9923,0.0003,0.0712,2.6
-6.550000000000001,9.725000000000001,16.275000000000002,-6.0,1.97178488,0.4760367351392489,2.8174,27.9923,0.0004,0.0704,2.6
-5.550000000000001,10.615000000000002,16.165000000000003,-5.0,1.94939804,0.59101632205694,2.8175,27.9924,0.0004,0.0696,2.6
-4.550000000000001,11.575000000000003,16.125000000000004,-4.0,1.91861321,0.7490530378222462,2.8174,27.9925,0.0004,0.0685,2.6
-3.5500000000000007,12.575000000000003,16.125000000000004,-3.0,1.89062071,0.9569639752088731,2.8174,27.9925,0.0004,0.0675,2.6
-2.5500000000000007,13.565000000000001,16.115000000000002,-2.0,1.8570230799999998,1.2237218049389267,2.8174,27.9924,0.0004,0.0663,2.6
-1.5500000000000007,14.505000000000003,16.055000000000003,-1.0,1.82342569,1.5474332727487274,2.8174,27.9923,0.0004,0.0651,2.6
-0.5500000000000007,15.395000000000001,15.945000000000002,0.0,1.7870420799999998,1.938051087237294,2.8174,27.9924,0.0004,0.0638,2.6
0.4499999999999993,16.305,15.855,1.0,1.75343868,2.4356193593308073,2.8174,27.9922,0.0004,0.0626,2.6
1.4499999999999993,17.285000000000004,15.835000000000004,2.0,1.7170549499999999,3.1168493109162707,2.8174,27.9923,0.0004,0.0613,2.6
2.4499999999999993,18.195,15.745000000000001,3.0,1.6862694399999998,3.9135693182197775,2.8174,27.9924,0.0004,0.0602,2.6
3.4499999999999993,19.115000000000002,15.665000000000003,4.0,1.6663870699999999,4.894677844162508,2.8174,27.9923,0.0003,0.0595,2.6
4.449999999999999,19.835,15.385000000000002,5.0,1.6579834900000001,5.806571770948817,2.8175,27.9922,0.0003,0.0592,2.6
5.449999999999999,20.745,15.295000000000002,6.0,1.66358784,7.135990492955269,2.8174,27.9923,0.0003,0.0594,2.6
6.449999999999999,21.645000000000003,15.195000000000004,7.0,1.69158011,8.633908266050925,2.8173,27.9923,0.0003,0.0604,2.6
7.449999999999999,22.565,15.115000000000002,8.0,1.7559561300000002,10.27983960585376,2.8173,27.9922,0.0003,0.0627,2.6
8.45,23.465000000000003,15.015000000000004,9.0,1.84861212,12.01307542790943,2.8173,27.9922,0.0004,0.066,2.6
9.45,24.375,14.925,10.0,1.97990787,13.831045756004604,2.8173,27.9924,0.0003,0.0707,2.6
